{
  "framework": "nextjs",
  "buildCommand": "npm run build",
  "devCommand": "npm run dev",
  "installCommand": "npm install",
  "outputDirectory": ".next",
  "functions": {
    "src/app/api/**/*.ts": {
      "maxDuration": 30
    }
  },
  "env": {
    "NEXT_PUBLIC_SUPABASE_URL": "@supabase_url",
    "NEXT_PUBLIC_SUPABASE_ANON_KEY": "@supabase_anon_key",
    "SUPABASE_SERVICE_ROLE_KEY": "@supabase_service_role_key",
    "OPENAI_API_KEY": "@openai_api_key",
    "TWILIO_ACCOUNT_SID": "@twilio_account_sid",
    "TWILIO_AUTH_TOKEN": "@twilio_auth_token",
    "TWILIO_PHONE_NUMBER": "@twilio_phone_number",
    "STRIPE_SECRET_KEY": "@stripe_secret_key",
    "NEXT_PUBLIC_STRIPE_PUBLISHABLE_KEY": "@stripe_publishable_key",
    "STRIPE_WEBHOOK_SECRET": "@stripe_webhook_secret",
    "NEXTAUTH_SECRET": "@nextauth_secret"
  },
  "headers": [
    {
      "source": "/api/(.*)",
      "headers": [
        {
          "key": "Access-Control-Allow-Origin",
          "value": "*"
        },
        {
          "key": "Access-Control-Allow-Methods",
          "value": "GET, POST, PUT, DELETE, OPTIONS"
        },
        {
          "key": "Access-Control-Allow-Headers",
          "value": "X-Requested-With, Content-Type, Authorization"
        }
      ]
    }
  ]
}